{
    "Servers": {
        "1": {
            "Name": "The Review Mediator Server",
            "Group": "The Review Mediator",
            "Host": "localhost",
            "Port": 5432,
            "MaintenanceDB": "postgres",
            "Username": "postgres",
            "UseSSHTunnel": 0,
            "TunnelPort": "22",
            "TunnelAuthentication": 0,
            "KerberosAuthentication": false,
            "ConnectionParameters": {
                "sslmode": "prefer",
                "connect_timeout": 10
            },
            "Tags": []
        }
    }
}